scene_id,acquisition_date,orbit_relative,pass_direction,status,area_km2,threshold_db,otsu_eta,valley_ratio,separability,detail
S1A_IW_GRDH_1SDV_20151026T125535_20151026T125600_008324_00BBD3_243D,2015-10-26,27,ASC,ok,147.21151107764567,-21.370698712826474,0.8664206528766535,0.20583163384387712,0.9249322917203673,
S1A_IW_GRDH_1SDV_20170205T125532_20170205T125557_015149_018C76_4BF3,2017-02-05,27,ASC,ok,102.89111994772112,-21.87465918134292,0.8057504560990902,0.257700671307828,0.897136764479409,
S1A_IW_GRDH_1SDV_20170217T125532_20170217T125557_015324_0191F4_E453,2017-02-17,27,ASC,ok,101.48838225463057,-22.123013793265198,0.7828295531154768,0.3399917767118994,0.8838725344621305,
S1A_IW_GRDH_1SDV_20170301T125532_20170301T125557_015499_01974D_58D0,2017-03-01,27,ASC,ok,104.02894137551478,-21.876256307637977,0.7632796514894054,0.42415022735783825,0.8700180664687922,
S1A_IW_GRDH_1SDV_20170313T125532_20170313T125557_015674_019C9C_C578,2017-03-13,27,ASC,ok,100.46403173336338,-21.871791221517906,0.7644237301501455,0.3928363782315946,0.8728340485786673,
S1A_IW_GRDH_1SDV_20170325T125532_20170325T125557_015849_01A1CD_0216,2017-03-25,27,ASC,ok,104.21674344639534,-21.62548287966708,0.7480547041270481,0.48632352769264303,0.8601082795156706,
S1A_IW_GRDH_1SDV_20170406T125533_20170406T125558_016024_01A700_1867,2017-04-06,27,ASC,ok,102.62076695641012,-21.37481111443044,0.7583585236890845,0.4432240985148713,0.866876193026916,
S1A_IW_GRDH_1SDV_20170418T125534_20170418T125559_016199_01AC5F_E166,2017-04-18,27,ASC,ok,108.20564435963942,-21.874034892956498,0.7499948799949465,0.5107374990102858,0.8595025771013496,
S1A_IW_GRDH_1SDV_20170430T125534_20170430T125559_016374_01B1AF_529E,2017-04-30,27,ASC,ok,106.59327607018662,-22.125836740976546,0.7519425418675957,0.517973016947879,0.861319499895337,
S1A_IW_GRDH_1SDV_20170512T125535_20170512T125600_016549_01B6F8_2D0D,2017-05-12,27,ASC,ok,106.7263554076237,-22.1249736068306,0.7457218167347235,0.5184863530420291,0.8572592443689655,
S1A_IW_GRDH_1SDV_20170524T125535_20170524T125600_016724_01BC5E_A499,2017-05-24,27,ASC,ok,99.60199600551721,-21.87345139893119,0.761100743245145,0.3865785410123127,0.87120753170741,
S1A_IW_GRDH_1SDV_20170605T125536_20170605T125601_016899_01C1D2_FE21,2017-06-05,27,ASC,ok,108.46045756480494,-21.87267970564186,0.7637627406059216,0.4494212479168158,0.8684686369670745,
S1A_IW_GRDH_1SDV_20170629T125537_20170629T125602_017249_01CC7B_B8CA,2017-06-29,27,ASC,ok,94.14125922761112,-21.12026995519549,0.8005469782274501,0.1968880474754748,0.8990729086167678,
S1A_IW_GRDH_1SDV_20170711T125538_20170711T125603_017424_01D1CB_4205,2017-07-11,27,ASC,ok,104.21926224963607,-21.372246988704482,0.825060840800652,0.2109054016648709,0.9078516842036818,
S1A_IW_GRDH_1SDV_20170723T125539_20170723T125604_017599_01D715_CDB4,2017-07-23,27,ASC,ok,118.60233464912493,-21.37374309237789,0.8370254099375852,0.24314680740206357,0.910507750979633,
S1A_IW_GRDH_1SDV_20170804T125540_20170804T125605_017774_01DC76_BB94,2017-08-04,27,ASC,ok,131.44404347348575,-21.123551407002697,0.8596977926817536,0.20892360299152415,0.9216667640532447,
S1A_IW_GRDH_1SDV_20170816T125540_20170816T125605_017949_01E1C3_D06F,2017-08-16,27,ASC,ok,142.56546512131322,-21.118465611342877,0.8652024142394978,0.2091340755731044,0.9247069105583179,
S1A_IW_GRDH_1SDV_20170828T125541_20170828T125606_018124_01E70E_0F5B,2017-08-28,27,ASC,ok,146.6044282442239,-21.11395021680987,0.8684955533452596,0.2039574981572926,0.9271018994594051,
S1A_IW_GRDH_1SDV_20170909T125541_20170909T125606_018299_01EC6F_F478,2017-09-09,27,ASC,ok,148.0853192610991,-21.1284056186932,0.869576812210913,0.20823505049230398,0.9277727663326457,
S1A_IW_GRDH_1SDV_20170921T125542_20170921T125607_018474_01F1CF_410E,2017-09-21,27,ASC,ok,146.5314973927585,-21.371715543363063,0.867491317370562,0.21240316059562944,0.9268578841059051,
S1A_IW_GRDH_1SDV_20171003T125542_20171003T125607_018649_01F72B_A680,2017-10-03,27,ASC,ok,146.78785650911502,-21.129418855030114,0.8688186379058379,0.20132333026844043,0.9275916641390767,
S1A_IW_GRDH_1SDV_20171015T125542_20171015T125607_018824_01FC81_4B95,2017-10-15,27,ASC,ok,144.67116446780602,-21.872435202861272,0.8623054445048682,0.20761768190119267,0.9233407217348891,
S1A_IW_GRDH_1SDV_20171027T125542_20171027T125607_018999_0201D4_66A2,2017-10-27,27,ASC,ok,143.99032745120024,-22.121846375535217,0.856366849909739,0.21955277446231433,0.9193226426083779,
S1A_IW_GRDH_1SDV_20171108T125542_20171108T125607_019174_020738_4B16,2017-11-08,27,ASC,ok,142.87026655308833,-22.37462897974668,0.851038270072711,0.2357674376239993,0.9158406217511423,
S1A_IW_GRDH_1SDV_20171120T125542_20171120T125607_019349_020CBA_E2A0,2017-11-20,27,ASC,ok,141.95522068003532,-22.374720440228238,0.8463605924257789,0.25192890798170214,0.9135151035573064,
S1A_IW_GRDH_1SDV_20171202T125541_20171202T125606_019524_021231_A8EB,2017-12-02,27,ASC,ok,140.1126880121072,-22.372099980338888,0.8426245370904109,0.26723555799575593,0.9112306324769686,
S1A_IW_GRDH_1SDV_20171214T125541_20171214T125606_019699_0217AB_BD1E,2017-12-14,27,ASC,ok,135.91757918781812,-22.123844968681016,0.8503494402198734,0.24481925495900408,0.9153380941101662,
S1A_IW_GRDH_1SDV_20171226T125540_20171226T125605_019874_021D14_9381,2017-12-26,27,ASC,ok,133.1505270009834,-22.131407628740664,0.8432158049697185,0.24301270655478527,0.9118461615246585,
S1A_IW_GRDH_1SDV_20180107T125540_20180107T125605_020049_022297_B695,2018-01-07,27,ASC,ok,128.38513675819294,-22.624768671411836,0.8323687159161108,0.2834424816102593,0.9052873138621367,
S1A_IW_GRDH_1SDV_20180119T125539_20180119T125604_020224_022825_F9BF,2018-01-19,27,ASC,ok,124.37668978352661,-22.377904712420925,0.8242460894923208,0.3007004090110727,0.9016216733833268,
S1A_IW_GRDH_1SDV_20180131T125539_20180131T125604_020399_022DB3_C964,2018-01-31,27,ASC,ok,120.65196776296352,-22.124262181838503,0.8195137715619765,0.3124721301749475,0.8995012710313904,
S1A_IW_GRDH_1SDV_20180212T125539_20180212T125604_020574_023354_AF27,2018-02-12,27,ASC,ok,113.84771717580563,-21.623967552542727,0.8217982163308392,0.26788028996060287,0.9024430747622869,
S1A_IW_GRDH_1SDV_20180224T125539_20180224T125604_020749_0238EA_24AA,2018-02-24,27,ASC,ok,110.61577616904987,-22.128042029735834,0.8060171001287343,0.31281394155931946,0.8940545871490747,
S1A_IW_GRDH_1SDV_20180308T125539_20180308T125604_020924_023E6D_52AF,2018-03-08,27,ASC,ok,107.80443652087155,-22.12362598850708,0.7776935053905958,0.3750510592421134,0.8779744115664107,
S1A_IW_GRDH_1SDV_20180320T125539_20180320T125604_021099_0243FA_B6A8,2018-03-20,27,ASC,ok,98.94988611516072,-23.12752099117133,0.7634180274727024,0.363446862194531,0.8712843029157475,
S1A_IW_GRDH_1SDV_20180401T125539_20180401T125604_021274_024982_450C,2018-04-01,27,ASC,ok,95.90416936378978,-23.122101008375736,0.7487363036878938,0.45547931468561315,0.8629486577710231,
S1A_IW_GRDH_1SDV_20180413T125540_20180413T125605_021449_024EF7_43EB,2018-04-13,27,ASC,ok,93.29309038439963,-22.628400959346184,0.7540162635087728,0.4049855248619927,0.8681115808403647,
S1A_IW_GRDH_1SDV_20180425T125540_20180425T125605_021624_025469_FD1A,2018-04-25,27,ASC,ok,96.01964510740542,-22.872383916810556,0.7379636088203632,0.5019842627437564,0.8558066423181364,
S1A_IW_GRDH_1SDV_20180507T125541_20180507T125606_021799_0259F6_4EDB,2018-05-07,27,ASC,ok,92.83317549422337,-22.873147316266646,0.7324122968322483,0.5582701792259692,0.8539405527420031,
S1A_IW_GRDH_1SDV_20180519T125541_20180519T125606_021974_025F89_46C8,2018-05-19,27,ASC,ok,98.31844719314562,-22.374216901234252,0.7222486847531294,0.5998839581413807,0.8437680935807326,
S1A_IW_GRDH_1SDV_20180531T125542_20180531T125607_022149_026529_C069,2018-05-31,27,ASC,abstain,,-22.375926362036427,0.7179154036636236,1.0,0.8407202210700131,histogram not bimodal
S1A_IW_GRDH_1SDV_20180612T125543_20180612T125608_022324_026A9B_8634,2018-06-12,27,ASC,ok,88.65066475021354,-22.87462249904755,0.7343452722211469,0.4944602946486092,0.858029316194115,
S1A_IW_GRDH_1SDV_20180624T125544_20180624T125609_022499_026FD5_6429,2018-06-24,27,ASC,ok,87.96802875371614,-22.872159461401502,0.7242480038520607,0.5385415580571207,0.8510882121201487,
S1A_IW_GRDH_1SDV_20180718T125545_20180718T125610_022849_027A4A_3A81,2018-07-18,27,ASC,ok,73.85379658392577,-22.372380616073798,0.8045776476275908,0.23779312428371113,0.9091784493303995,
S1A_IW_GRDH_1SDV_20180730T125546_20180730T125611_023024_027FCF_AE51,2018-07-30,27,ASC,ok,88.00713546671486,-22.62519936463471,0.8309212380838756,0.16958382730068472,0.9158114462010194,
S1A_IW_GRDH_1SDV_20180811T125546_20180811T125611_023199_028557_C1FF,2018-08-11,27,ASC,ok,104.74823051472325,-22.37153684088196,0.8508263849079848,0.1443832742527063,0.9210992382515001,
S1A_IW_GRDH_1SDV_20180823T125547_20180823T125612_023374_028B01_B1E9,2018-08-23,27,ASC,ok,124.21363273330678,-22.128053917442237,0.8565160214798697,0.18093424085879814,0.9217006937756277,
S1A_IW_GRDH_1SDV_20180904T125548_20180904T125613_023549_02908E_FB28,2018-09-04,27,ASC,ok,133.55038869830454,-22.12043030464078,0.8604519236661993,0.18977813003399785,0.9242004947531282,
S1A_IW_GRDH_1SDV_20180916T125548_20180916T125613_023724_02962B_EFAB,2018-09-16,27,ASC,ok,137.02397429994707,-22.378767848009748,0.8603280914720067,0.190598359253193,0.9246425672047975,
S1A_IW_GRDH_1SDV_20180928T125548_20180928T125613_023899_029BD9_6962,2018-09-28,27,ASC,ok,142.8898207377898,-22.127423396154004,0.8629602563348551,0.19632575141506006,0.9264856319296174,
S1A_IW_GRDH_1SDV_20181010T125549_20181010T125614_024074_02A199_798C,2018-10-10,27,ASC,ok,144.73042019492024,-22.623867752871924,0.8602134646089873,0.18534169108822662,0.9265008850274933,
S1A_IW_GRDH_1SDV_20181022T125549_20181022T125614_024249_02A74B_A913,2018-10-22,27,ASC,ok,144.75399473900583,-22.873734181562558,0.8573622621745808,0.1945521645521436,0.9245253741404048,
S1A_IW_GRDH_1SDV_20181103T125549_20181103T125614_024424_02AD21_B391,2018-11-03,27,ASC,ok,144.14509424292535,-22.877476887434177,0.8551120038316607,0.19805564243143314,0.9227614155548574,
S1A_IW_GRDH_1SDV_20181115T125548_20181115T125613_024599_02B38A_6C20,2018-11-15,27,ASC,ok,143.45518574747157,-23.130651559385935,0.851331909203956,0.19088849191983337,0.9208937175650764,
S1A_IW_GRDH_1SDV_20181127T125548_20181127T125613_024774_02BA03_AE2E,2018-11-27,27,ASC,ok,143.28593344255899,-23.377132157798556,0.8474012934760058,0.21692399445009897,0.9178601028814587,
S1A_IW_GRDH_1SDV_20181209T125547_20181209T125612_024949_02BFDB_2C11,2018-12-09,27,ASC,ok,142.13856682170328,-23.873828137484875,0.842417356130319,0.21491798229063794,0.9151203902933852,
S1A_IW_GRDH_1SDV_20181221T125547_20181221T125612_025124_02C630_2C93,2018-12-21,27,ASC,ok,140.66323831749577,-23.62721553402186,0.8440517815197772,0.2138761103754239,0.9158772778307213,
S1A_IW_GRDH_1SDV_20190102T125547_20190102T125612_025299_02CC7F_E5CE,2019-01-02,27,ASC,ok,137.27269364730262,-23.633344980880036,0.8438368116622694,0.2089465598534627,0.9154671498702335,
S1A_IW_GRDH_1SDV_20190114T125546_20190114T125611_025474_02D2C9_25D2,2019-01-14,27,ASC,ok,134.208830197325,-24.12461290628043,0.8391247225533199,0.20612418748914244,0.9132715835626252,
S1A_IW_GRDH_1SDV_20190126T125546_20190126T125611_025649_02D936_E31B,2019-01-26,27,ASC,ok,131.31605159630334,-23.36951149152139,0.8437953512123706,0.20012712555377307,0.915406428467618,
S1A_IW_GRDH_1SDV_20190207T125545_20190207T125610_025824_02DF79_9736,2019-02-07,27,ASC,ok,124.10566380345686,-21.37852982574451,0.8188222611550724,0.30725686285210707,0.8997611248970895,
S1A_IW_GRDH_1SDV_20190219T125545_20190219T125610_025999_02E5B7_66D6,2019-02-19,27,ASC,ok,126.76609052752993,-22.372609441302103,0.8452125264644114,0.20121062023896033,0.9149687898479577,
S1A_IW_GRDH_1SDV_20190303T125545_20190303T125610_026174_02EBF9_A8F5,2019-03-03,27,ASC,ok,124.98069816580403,-22.621190688129595,0.8413654299189633,0.2273101585974414,0.9128252063317762,
S1A_IW_GRDH_1SDV_20190315T125545_20190315T125610_026349_02F266_C74D,2019-03-15,27,ASC,ok,122.08589295090475,-22.879948601978025,0.8358035370803972,0.23508907619452635,0.909719903206216,
S1A_IW_GRDH_1SDV_20190327T125546_20190327T125611_026524_02F8D0_40E9,2019-03-27,27,ASC,ok,117.7188836159535,-23.36714161275761,0.8243375162347908,0.2645771083215534,0.9031300797362981,
S1A_IW_GRDH_1SDV_20190408T125546_20190408T125611_026699_02FF45_C7CF,2019-04-08,27,ASC,ok,119.26254304068058,-23.625994297856227,0.8195510511368794,0.2857361147013195,0.900134889828249,
S1A_IW_GRDH_1SDV_20190420T125546_20190420T125611_026874_030597_A2F0,2019-04-20,27,ASC,ok,123.57833839548299,-23.372779022615845,0.826947525784122,0.28459492462367336,0.9041973928128328,
S1A_IW_GRDH_1SDV_20190502T125547_20190502T125612_027049_030BF7_3171,2019-05-02,27,ASC,ok,125.63633332750695,-23.126436578527308,0.8114350302593499,0.3357585803959692,0.8945075259360508,
S1A_IW_GRDH_1SDV_20190514T125547_20190514T125612_027224_0311C1_FE57,2019-05-14,27,ASC,ok,122.39700837135881,-23.619711291417854,0.8105185819078083,0.33395659041971126,0.8944742134683784,
S1A_IW_GRDH_1SDV_20190526T125548_20190526T125613_027399_031738_4097,2019-05-26,27,ASC,ok,118.00174306983325,-23.875046998782505,0.8091675577065182,0.323315079688692,0.8939284589959082,
S1A_IW_GRDH_1SDV_20190607T125548_20190607T125613_027574_031C9C_DD82,2019-06-07,27,ASC,ok,118.17394186578439,-23.871647997412474,0.8041492543491708,0.353645016238681,0.8909232559539235,
S1A_IW_GRDH_1SDV_20190619T125549_20190619T125614_027749_0321E0_0858,2019-06-19,27,ASC,ok,116.61508187436539,-23.875106492069445,0.7973481731738585,0.3650378642444004,0.8871243291635316,
S1A_IW_GRDH_1SDV_20190701T125550_20190701T125615_027924_03271C_31F9,2019-07-01,27,ASC,ok,116.701302305483,-22.875838250928126,0.8047161282621541,0.3861261400342946,0.8914432588373343,
S1A_IW_GRDH_1SDV_20190713T125551_20190713T125616_028099_032C6A_8019,2019-07-13,27,ASC,ok,119.10828075121826,-22.621675851068204,0.8418218178594499,0.20199810408881191,0.9133006597333256,
S1A_IW_GRDH_1SDV_20190725T125551_20190725T125616_028274_0331B4_5E2C,2019-07-25,27,ASC,ok,129.18626613187897,-22.120074354573003,0.8606933464814684,0.17516544736281403,0.9240973076462821,
S1A_IW_GRDH_1SDV_20190806T125552_20190806T125617_028449_03370D_FAE8,2019-08-06,27,ASC,ok,141.18548493165807,-22.371164403073383,0.8610083290169228,0.1825679923871476,0.9253200587097635,
S1A_IW_GRDH_1SDV_20190818T125553_20190818T125618_028624_033D0B_FE60,2019-08-18,27,ASC,ok,147.58684325336176,-22.121328333419747,0.8623216463340959,0.17759624180799355,0.9267128124513186,
S1A_IW_GRDH_1SDV_20190830T125553_20190830T125618_028799_03432E_87DF,2019-08-30,27,ASC,ok,146.85600133497897,-22.62226308432441,0.8611635408299463,0.17414002084277166,0.9266399504988906,
S1A_IW_GRDH_1SDV_20190911T125554_20190911T125619_028974_034942_D6F1,2019-09-11,27,ASC,ok,146.5726903534093,-22.382626520439636,0.8617835912275507,0.1970293074289886,0.9271294674410134,
S1A_IW_GRDH_1SDV_20190923T125555_20190923T125620_029149_034F38_2AE4,2019-09-23,27,ASC,ok,145.81761792843676,-22.882501909076232,0.8596114011809145,0.18752144087430028,0.9260709701387427,
S1A_IW_GRDH_1SDV_20191005T125555_20191005T125620_029324_035543_23E2,2019-10-05,27,ASC,ok,146.6799923560073,-22.377035501793756,0.8634796816751754,0.18555530687179753,0.9276361309851424,
S1A_IW_GRDH_1SDV_20191017T125555_20191017T125620_029499_035B49_DA99,2019-10-17,27,ASC,ok,144.94867023482337,-22.8727280125794,0.8593538996114092,0.18894955718919354,0.9254806926649976,
S1A_IW_GRDH_1SDV_20191029T125555_20191029T125620_029674_036163_8338,2019-10-29,27,ASC,ok,142.93841173581217,-23.3776893390753,0.8541206031127273,0.19127996276249523,0.9219233266911443,
S1A_IW_GRDH_1SDV_20191110T125555_20191110T125620_029849_036781_7778,2019-11-10,27,ASC,ok,141.0716073316776,-23.3807710727785,0.8497673596996443,0.21443611779665409,0.9181479461332108,
S1A_IW_GRDH_1SDV_20191122T125555_20191122T125620_030024_036D8E_CAA5,2019-11-22,27,ASC,ok,139.60776289318358,-23.6262489350153,0.8441257487601272,0.23388865205083126,0.9149877525453947,
S1A_IW_GRDH_1SDV_20191204T125554_20191204T125619_030199_0373A0_9DEB,2019-12-04,27,ASC,ok,138.26739874543506,-23.878263891040035,0.8404506401122677,0.2316882167635113,0.9124123926082606,
S1A_IW_GRDH_1SDV_20191216T125554_20191216T125619_030374_0379AE_1E27,2019-12-16,27,ASC,ok,136.5847738046786,-23.37627858943422,0.8464855938849729,0.21452784201460967,0.9166980198055982,
S1A_IW_GRDH_1SDV_20191228T125553_20191228T125618_030549_037FB2_E48F,2019-12-28,27,ASC,ok,133.995983973615,-23.87750313835475,0.8405382924692256,0.24050634574914537,0.9121771238463482,
S1A_IW_GRDH_1SDV_20200109T125553_20200109T125618_030724_0385BF_B0B1,2020-01-09,27,ASC,ok,131.35117399307822,-23.628315636189367,0.8400544019558139,0.22094513059079596,0.9125862023329367,
S1A_IW_GRDH_1SDV_20200121T125552_20200121T125617_030899_038BE6_83E7,2020-01-21,27,ASC,ok,135.69901746107175,-21.626524571600477,0.8655228079863581,0.25144420906277654,0.9220842991991336,
S1A_IW_GRDH_1SDV_20200202T125552_20200202T125617_031074_039201_F8EF,2020-02-02,27,ASC,ok,133.28085189130007,-21.809543937879685,0.85772878871736,0.2679460707413309,0.9183526408042256,
S1A_IW_GRDH_1SDV_20200214T125552_20200214T125617_031249_039815_236C,2020-02-14,27,ASC,ok,129.54451525464532,-21.873910195720462,0.8456632297097686,0.3119477373773921,0.9113312465198451,
S1A_IW_GRDH_1SDV_20200226T125551_20200226T125616_031424_039E1C_D822,2020-02-26,27,ASC,ok,125.56647175191122,-21.687341336760745,0.8334641016616294,0.3129379160579833,0.9060826099860343,
S1A_IW_GRDH_1SDV_20200309T125552_20200309T125617_031599_03A42F_E683,2020-03-09,27,ASC,ok,123.12713948838746,-21.62687367591263,0.8299060966446223,0.3476671115898019,0.9046432259172112,
S1A_IW_GRDH_1SDV_20200321T125552_20200321T125617_031774_03AA4C_C52C,2020-03-21,27,ASC,ok,122.84916275586754,-21.621639972348966,0.8304087291292481,0.34559407197805087,0.9045200570476368,
S1A_IW_GRDH_1SDV_20200402T125552_20200402T125617_031949_03B076_5E9C,2020-04-02,27,ASC,ok,123.93580922070886,-21.440904332206536,0.8246336755437297,0.35868601599080185,0.9012985260555618,
S1A_IW_GRDH_1SDV_20200414T125552_20200414T125617_032124_03B6A4_2025,2020-04-14,27,ASC,ok,124.31850158057276,-21.626021221114488,0.8154019590535142,0.4083182774080718,0.8957374029042925,
S1A_IW_GRDH_1SDV_20200426T125553_20200426T125618_032299_03BCC4_3622,2020-04-26,27,ASC,ok,120.33954125688372,-21.93669672936517,0.804384212574466,0.3823421529763935,0.8899259150163255,
S1A_IW_GRDH_1SDV_20200508T125553_20200508T125618_032474_03C2C3_8EE1,2020-05-08,27,ASC,ok,121.13165072079354,-21.873353495092356,0.7913255011207322,0.43543109722463275,0.8819409546965418,
S1A_IW_GRDH_1SDV_20200520T125554_20200520T125619_032649_03C810_2962,2020-05-20,27,ASC,ok,115.87370694857984,-21.811522348581807,0.7723295432775035,0.4377175134095443,0.8717005051454267,
S1A_IW_GRDH_1SDV_20200601T125555_20200601T125620_032824_03CD53_041F,2020-06-01,27,ASC,ok,105.20217723347511,-21.560923348256285,0.7797164394441818,0.30918741846874087,0.8809951851979352,
S1A_IW_GRDH_1SDV_20200613T125556_20200613T125621_032999_03D286_177D,2020-06-13,27,ASC,ok,107.1890646519236,-21.812351511717242,0.7829495448619906,0.3178604027339002,0.8820912903252578,
S1A_IW_GRDH_1SDV_20200625T125556_20200625T125621_033174_03D7D4_83C0,2020-06-25,27,ASC,ok,107.06813783508485,-21.87127340066818,0.8052355644776018,0.2887602406154451,0.8959992536121009,
S1A_IW_GRDH_1SDV_20200707T125557_20200707T125622_033349_03DD28_B702,2020-07-07,27,ASC,ok,109.74173273712357,-21.559706111235986,0.8314040334172501,0.22532217773411167,0.9099726381920403,
S1A_IW_GRDH_1SDV_20200719T125558_20200719T125623_033524_03E27F_9D5E,2020-07-19,27,ASC,ok,113.55478356764353,-21.564589263928582,0.8569157329930366,0.16747844499480394,0.9234779896799834,
S1A_IW_GRDH_1SDV_20200731T125559_20200731T125624_033699_03E7E0_B01D,2020-07-31,27,ASC,ok,121.10108595118565,-21.564366985645812,0.8662955572480118,0.17977645484170038,0.9265274240492762,
S1A_IW_GRDH_1SDV_20200812T125559_20200812T125624_033874_03EDB7_87DE,2020-08-12,27,ASC,ok,129.692181563239,-21.37328288173254,0.8776235781818906,0.17386619656979774,0.9312360942238481,
S1A_IW_GRDH_1SDV_20200824T125600_20200824T125625_034049_03F3E1_5393,2020-08-24,27,ASC,ok,139.49697628148797,-21.309088248704473,0.883439348495541,0.19163660492526893,0.9327709266912328,
S1A_IW_GRDH_1SDV_20200905T125600_20200905T125625_034224_03FA09_2A6B,2020-09-05,27,ASC,ok,143.99721557355994,-21.377486072852246,0.8875867066627241,0.1983534367654313,0.9341807079658928,
S1A_IW_GRDH_1SDV_20200917T125601_20200917T125626_034399_040028_DD24,2020-09-17,27,ASC,ok,144.3762336180747,-21.375419549538027,0.8888491412546314,0.19623653285717954,0.9353301762225685,
S1A_IW_GRDH_1SDV_20200929T125601_20200929T125626_034574_04065E_9621,2020-09-29,27,ASC,ok,141.59009044093875,-21.62346508075277,0.8846954301628049,0.20817727812617096,0.9325943551374631,
S1A_IW_GRDH_1SDV_20201011T125601_20201011T125626_034749_040C7F_BDF2,2020-10-11,27,ASC,ok,138.00274234924643,-21.872258220592062,0.8766992308763477,0.21372545412106536,0.9279407321981582,
S1A_IW_GRDH_1SDV_20201023T125601_20201023T125626_034924_041292_B8D4,2020-10-23,27,ASC,ok,135.53003487474527,-22.125616663088717,0.8657050858666152,0.2289631232973624,0.921337771845315,
S1A_IW_GRDH_1SDV_20201104T125601_20201104T125626_035099_041897_4780,2020-11-04,27,ASC,ok,134.8901989188472,-22.18628841655184,0.858339525553998,0.24726940893866792,0.9174242447734177,
S1A_IW_GRDH_1SDV_20201116T125601_20201116T125626_035274_041EAD_1D8D,2020-11-16,27,ASC,ok,130.94625951563592,-21.859066127272506,0.8631085115928376,0.17079175246845135,0.9215966990097136,
S1A_IW_GRDH_1SDV_20201128T125601_20201128T125626_035449_0424C2_62D7,2020-11-28,27,ASC,ok,131.624954526114,-22.11850261789565,0.8496488287357089,0.2757069761195435,0.9132911400425056,
S1A_IW_GRDH_1SDV_20201210T125600_20201210T125625_035624_042AC6_ED8D,2020-12-10,27,ASC,ok,128.38241979879015,-22.378906022733833,0.841686520764975,0.29689448368794746,0.9088501881268896,
S1A_IW_GRDH_1SDV_20201222T125600_20201222T125625_035799_0430CD_EE61,2020-12-22,27,ASC,ok,124.10780515545959,-22.375367045494155,0.8363892113372772,0.2779726068663341,0.907158271177032,
S1A_IW_GRDH_1SDV_20210103T125559_20210103T125624_035974_0436E3_93CB,2021-01-03,27,ASC,ok,117.85688936076195,-22.125136315110797,0.8369329144167985,0.24908651640858334,0.9101342787003461,
S1A_IW_GRDH_1SDV_20210115T125558_20210115T125623_036149_043D07_7923,2021-01-15,27,ASC,ok,117.02016447887962,-22.12500146870044,0.8255986239744818,0.26193889911935614,0.9038533939009731,
S1A_IW_GRDH_1SDV_20210127T125558_20210127T125623_036324_04431D_2DC9,2021-01-27,27,ASC,ok,114.23901180752793,-22.377778087020715,0.8165771735072549,0.2725150586715021,0.8995108526880075,
S1A_IW_GRDH_1SDV_20210208T125558_20210208T125623_036499_04492C_7F2A,2021-02-08,27,ASC,ok,112.22203263140732,-22.121035673705308,0.8087886542916649,0.2982354065561427,0.8957928511405261,
S1A_IW_GRDH_1SDV_20210220T125557_20210220T125622_036674_044F47_6423,2021-02-20,27,ASC,ok,108.51432929206719,-22.06381884363956,0.7942137462685313,0.28208758457244587,0.8885534375589065,
S1A_IW_GRDH_1SDV_20210304T125557_20210304T125622_036849_045552_DC7F,2021-03-04,27,ASC,ok,108.35303793046836,-21.936513639677585,0.7770166984398569,0.34056455610549624,0.8778462531372959,
S1A_IW_GRDH_1SDV_20210316T125557_20210316T125622_037024_045B76_B32E,2021-03-16,27,ASC,ok,106.24049145433061,-21.874444872355287,0.7648435084340989,0.3575649978597699,0.8716111237706887,
S1A_IW_GRDH_1SDV_20210328T125558_20210328T125623_037199_046180_164A,2021-03-28,27,ASC,ok,105.12438073602989,-21.87264411603899,0.7549445779756575,0.3895501547502633,0.8653579295376297,
S1A_IW_GRDH_1SDV_20210409T125558_20210409T125623_037374_04678B_84C1,2021-04-09,27,ASC,ok,108.3609349811216,-21.622669324404935,0.7378141366004823,0.4633138256444942,0.8527200553797931,
S1A_IW_GRDH_1SDV_20210421T125559_20210421T125624_037549_046DA0_03DA,2021-04-21,27,ASC,ok,97.54828230944307,-21.562499204919384,0.7461166473251564,0.32333976922958735,0.8632202823392794,
S1A_IW_GRDH_1SDV_20210503T125559_20210503T125624_037724_0473B3_A7B1,2021-05-03,27,ASC,ok,105.27338445135318,-21.438020902605334,0.7360952547283045,0.41559225550223394,0.8525303688107956,
S1A_IW_GRDH_1SDV_20210515T125600_20210515T125625_037899_04790E_0F1F,2021-05-15,27,ASC,ok,102.0090215538886,-21.81176288008764,0.736051410945952,0.37747546492344974,0.8541762481249128,
S1A_IW_GRDH_1SDV_20210527T125600_20210527T125625_038074_047E57_FF1E,2021-05-27,27,ASC,ok,104.29805914878808,-21.56352508916289,0.734143315811916,0.4214053012738739,0.8512380469076707,
S1A_IW_GRDH_1SDV_20210608T125601_20210608T125626_038249_04838A_D008,2021-06-08,27,ASC,ok,101.97891171688548,-21.560901178360986,0.7394076539589446,0.36924334018552424,0.855889716261715,
S1A_IW_GRDH_1SDV_20210620T125602_20210620T125627_038424_0488C0_17A7,2021-06-20,27,ASC,ok,85.95536463181134,-21.686797860817084,0.767201945118828,0.202623602821995,0.8845373968339232,
S1A_IW_GRDH_1SDV_20210702T125603_20210702T125628_038599_048DFB_B6B5,2021-07-02,27,ASC,ok,79.17292129444785,-21.55923747078963,0.7904915155775261,0.14087651482681432,0.9036731791974839,
S1A_IW_GRDH_1SDV_20210714T125603_20210714T125628_038774_049348_6B6D,2021-07-14,27,ASC,ok,86.09031238942632,-21.564273667079796,0.8160075428806852,0.13445090780987629,0.9130264773551539,
S1A_IW_GRDH_1SDV_20210726T125604_20210726T125629_038949_049885_A146,2021-07-26,27,ASC,ok,95.31338134894476,-21.561592712055415,0.8432794069293628,0.13493235206992696,0.9234471326786231,
S1A_IW_GRDH_1SDV_20210807T125605_20210807T125630_039124_049E01_5745,2021-08-07,27,ASC,ok,113.27378867298928,-21.560937388253375,0.8564217042222895,0.16792703621071492,0.9232888502397866,
S1A_IW_GRDH_1SDV_20210819T125605_20210819T125630_039299_04A40A_942E,2021-08-19,27,ASC,ok,121.04489254232129,-21.62378521476545,0.8627953701771316,0.19606128867367056,0.9244865433798471,
S1A_IW_GRDH_1SDV_20210831T125606_20210831T125631_039474_04AA04_711A,2021-08-31,27,ASC,ok,127.23367632466808,-21.372710076177057,0.8733384449584966,0.19049563824948892,0.929147119533963,
S1A_IW_GRDH_1SDV_20210912T125606_20210912T125631_039649_04B016_DA31,2021-09-12,27,ASC,ok,130.69929336843177,-21.12377096241931,0.8787414892376167,0.1906992720302268,0.9317368874208839,
S1A_IW_GRDH_1SDV_20210924T125607_20210924T125632_039824_04B5F6_9639,2021-09-24,27,ASC,ok,136.75744559897484,-21.121892187117528,0.8826936524927849,0.19768250325745862,0.9327433991147649,
S1A_IW_GRDH_1SDV_20211006T125607_20211006T125632_039999_04BC10_7A72,2021-10-06,27,ASC,ok,139.62067324055948,-21.31498259271623,0.8840141622682772,0.19408721756616285,0.9330665407443147,
S1A_IW_GRDH_1SDV_20211018T125607_20211018T125632_040174_04C225_9CB3,2021-10-18,27,ASC,ok,137.75483797165566,-21.620665530487518,0.8809609568621608,0.19911961559303132,0.9310617336000993,
S1A_IW_GRDH_1SDV_20211030T125607_20211030T125632_040349_04C839_4C3A,2021-10-30,27,ASC,ok,136.21225585175142,-21.688508939313333,0.8773270050896232,0.19129094920110007,0.929154553410964,
S1A_IW_GRDH_1SDV_20211111T125607_20211111T125632_040524_04CE50_1337,2021-11-11,27,ASC,ok,134.15352105768616,-22.119160559204353,0.8668975569209451,0.20745171370946583,0.92277128258279,
S1A_IW_GRDH_1SDV_20211123T125606_20211123T125631_040699_04D45B_C420,2021-11-23,27,ASC,ok,132.40526333380413,-22.36777073411605,0.8570325801705173,0.2437759010726723,0.9167145479478138,
S1A_IW_GRDH_1SDV_20211205T125606_20211205T125631_040874_04DA78_D80F,2021-12-05,27,ASC,ok,129.29864731634484,-22.187846124511374,0.8537219585587281,0.22756092789811005,0.9161150372067939,
S1A_IW_GRDH_1SDV_20211217T125606_20211217T125631_041049_04E069_A50C,2021-12-17,27,ASC,ok,125.59902323038374,-22.43760801224669,0.8452382954086536,0.2438395064770123,0.9122918346134048,
S1A_IW_GRDH_1SDV_20211229T125605_20211229T125630_041224_04E63A_1A74,2021-12-29,27,ASC,ok,122.33825613929845,-22.43666698204666,0.8376766042405083,0.2286899970324722,0.908869389142331,
S1A_IW_GRDH_1SDV_20220110T125604_20220110T125629_041399_04EC23_E87E,2022-01-10,27,ASC,ok,115.90808862145492,-21.8731442891461,0.8470384316261056,0.2055694351043574,0.916831684517857,
S1A_IW_GRDH_1SDV_20220122T125604_20220122T125629_041574_04F1E1_02FA,2022-01-22,27,ASC,ok,111.52836671647576,-21.382610235301353,0.8651237321572011,0.138082256518727,0.9288881208911532,
S1A_IW_GRDH_1SDV_20220203T125603_20220203T125628_041749_04F7D1_D910,2022-02-03,27,ASC,ok,109.75661445217185,-21.36962450205872,0.8630315453629063,0.13638400699029826,0.928448156305495,
S1A_IW_GRDH_1SDV_20220215T125603_20220215T125628_041924_04FDF9_002B,2022-02-15,27,ASC,ok,112.94559721509385,-21.871499450893907,0.832483873047537,0.20977602067640186,0.9095899091754484,
S1A_IW_GRDH_1SDV_20220227T125603_20220227T125628_042099_0503FF_6B9A,2022-02-27,27,ASC,ok,108.52906441263819,-21.813729463238328,0.8277578480471407,0.19042448833210857,0.9087573994365771,
S1A_IW_GRDH_1SDV_20220311T125603_20220311T125628_042274_0509EE_8E9C,2022-03-11,27,ASC,ok,104.48283052541636,-22.11830682545137,0.8104832730194594,0.23473354691373602,0.9008304651973714,
S1A_IW_GRDH_1SDV_20220323T125603_20220323T125628_042449_050FE4_3332,2022-03-23,27,ASC,ok,102.61521713081983,-21.813934706463552,0.7942576285252029,0.23358740864403382,0.8918074983434942,
S1A_IW_GRDH_1SDV_20220404T125604_20220404T125629_042624_0515D9_FC82,2022-04-04,27,ASC,ok,106.29863517128506,-21.870415747885044,0.7830647104382218,0.2973555396305471,0.8832611701439432,
S1A_IW_GRDH_1SDV_20220416T125604_20220416T125629_042799_051BBC_6CC0,2022-04-16,27,ASC,ok,109.25110549931719,-21.87138535422029,0.7763769159555016,0.3663250005848293,0.8773085331079911,
S1A_IW_GRDH_1SDV_20220428T125604_20220428T125629_042974_052174_E89A,2022-04-28,27,ASC,ok,109.73750246150341,-21.873588680554185,0.7675242355144866,0.3917343870423349,0.8715279323426799,
S1A_IW_GRDH_1SDV_20220510T125605_20220510T125630_043149_052740_3457,2022-05-10,27,ASC,ok,108.82140441306937,-21.81057411711806,0.7648310612287622,0.3841212094910706,0.8699818100264842,
S1A_IW_GRDH_1SDV_20220522T125606_20220522T125631_043324_052C76_BA8B,2022-05-22,27,ASC,ok,112.3784687732525,-21.811439910888627,0.7685394205567798,0.4052570759523332,0.8706107296346967,
S1A_IW_GRDH_1SDV_20220603T125607_20220603T125632_043499_05319C_E5D5,2022-06-03,27,ASC,ok,108.90136504997244,-21.87600280426122,0.7772895764365921,0.39589291324094555,0.8779096317531271,
S1A_IW_GRDH_1SDV_20220615T125607_20220615T125632_043674_0536DA_CAA2,2022-06-15,27,ASC,ok,114.72702644758982,-21.81354168998912,0.7786043323615337,0.42855707560763345,0.8759750433246893,
S1A_IW_GRDH_1SDV_20220627T125608_20220627T125633_043849_053C18_E5BC,2022-06-27,27,ASC,ok,98.29760562364442,-21.93882677685421,0.7734076748254973,0.2585131479934007,0.881348976071712,
S1A_IW_GRDH_1SDV_20220709T125609_20220709T125634_044024_054146_C36B,2022-07-09,27,ASC,ok,89.36175342375543,-21.312261585068313,0.8415620395692751,0.10538142021463669,0.9253521815973517,
S1A_IW_GRDH_1SDV_20220721T125610_20220721T125635_044199_054682_EFAC,2022-07-21,27,ASC,ok,101.8506958510319,-21.3697431037679,0.8579749905413185,0.12912113509992756,0.9287326274904629,
S1A_IW_GRDH_1SDV_20220802T125611_20220802T125636_044374_054BAC_E961,2022-08-02,27,ASC,ok,118.625903635011,-21.366973609135286,0.8701996518452656,0.15282825331543476,0.9295674372748437,
S1A_IW_GRDH_1SDV_20220814T125611_20220814T125636_044549_055128_A921,2022-08-14,27,ASC,ok,132.6953885475506,-21.1266461564446,0.8828771010319174,0.1866554555287422,0.9337610032300817,
S1A_IW_GRDH_1SDV_20220826T125612_20220826T125637_044724_05570E_9FEA,2022-08-26,27,ASC,ok,143.23690655924696,-21.372523846831598,0.8863596433983879,0.18938181919703964,0.9336164961367006,
S1A_IW_GRDH_1SDV_20220907T125613_20220907T125638_044899_055CF1_A10E,2022-09-07,27,ASC,ok,146.71294232410443,-21.378952827695517,0.8903989131830717,0.18710537661881416,0.9355719444431982,
S1A_IW_GRDH_1SDV_20220919T125612_20220919T125637_045074_0562DA_FB71,2022-09-19,27,ASC,ok,147.0744872203721,-21.38084561887466,0.8911998031038221,0.1894127423379432,0.9362442394433789,
S1A_IW_GRDH_1SDV_20221001T125613_20221001T125638_045249_0568B6_81D8,2022-10-01,27,ASC,ok,148.34990241580473,-21.375255363259527,0.8916110384697835,0.18985499087721885,0.9365440308501525,
S1A_IW_GRDH_1SDV_20221013T125613_20221013T125638_045424_056E94_E6AA,2022-10-13,27,ASC,ok,148.62409630888766,-21.30808361790794,0.8916377611260989,0.1750340796134408,0.9365434278047288,
S1A_IW_GRDH_1SDV_20221025T125613_20221025T125638_045599_0573C6_C7BD,2022-10-25,27,ASC,ok,147.9805195889544,-21.62266369062531,0.8884107257516904,0.1962175777799333,0.9336746730884017,
S1A_IW_GRDH_1SDV_20221106T125613_20221106T125638_045774_0579B1_C6BB,2022-11-06,27,ASC,ok,147.42829911377433,-21.879909619592087,0.8838546601692184,0.1995901087773482,0.9302999167256618,
S1A_IW_GRDH_1SDV_20221118T125613_20221118T125638_045949_057F96_D1A2,2022-11-18,27,ASC,ok,147.90316632553592,-22.123664937462554,0.8766179979253641,0.22786275373076526,0.9255046545466548,
S1A_IW_GRDH_1SDV_20221130T125612_20221130T125637_046124_058589_05DF,2022-11-30,27,ASC,ok,145.66619032594687,-22.126281511960325,0.8742026476702511,0.22730028747598804,0.9241868995925101,
S1A_IW_GRDH_1SDV_20221212T125612_20221212T125637_046299_058B7F_5D9F,2022-12-12,27,ASC,ok,139.36128009932892,-22.37655504512107,0.8685297351185289,0.2178408341818947,0.9219126475022271,
S1A_IW_GRDH_1SDV_20221224T125611_20221224T125636_046474_05917B_5AB6,2022-12-24,27,ASC,ok,133.76372013097065,-22.375836107091583,0.862258826369688,0.21999697347061825,0.919325852609483,
S1A_IW_GRDH_1SDV_20230105T125610_20230105T125635_046649_059763_637B,2023-01-05,27,ASC,ok,130.66758857136102,-22.374220804958895,0.8555443676446597,0.24012146330671794,0.9167099050661501,
S1A_IW_GRDH_1SDV_20230117T125609_20230117T125634_046824_059D4D_8A9F,2023-01-17,27,ASC,ok,128.7092884324975,-22.119311918844197,0.8524494388217985,0.23099712671331749,0.9151770203531984,
S1A_IW_GRDH_1SDV_20230129T125610_20230129T125635_046999_05A335_1FFB,2023-01-29,27,ASC,ok,122.80349046461588,-21.87080241580616,0.8617658245330609,0.1874301226976177,0.923051738808194,
S1A_IW_GRDH_1SDV_20230210T125609_20230210T125634_047174_05A903_EF5E,2023-02-10,27,ASC,ok,119.7585068885752,-21.80882575308651,0.847873174620324,0.20344500658628872,0.9159384732966934,
S1A_IW_GRDH_1SDV_20230222T125608_20230222T125633_047349_05AEFD_B7C7,2023-02-22,27,ASC,ok,115.66659845097583,-22.05992365481183,0.8311757492214286,0.2319718087401672,0.9076560579247719,
S1A_IW_GRDH_1SDV_20230306T125609_20230306T125634_047524_05B4E7_BA2C,2023-03-06,27,ASC,ok,112.1471296790009,-22.122649420312683,0.8150578178335663,0.24941826347390814,0.8995648515028293,
S1A_IW_GRDH_1SDV_20230318T125609_20230318T125634_047699_05BAD5_E980,2023-03-18,27,ASC,ok,103.49918225029268,-21.870923112432735,0.8210003495532466,0.21404707041124943,0.9075672904540142,
S1A_IW_GRDH_1SDV_20230330T125609_20230330T125634_047874_05C0AC_29D0,2023-03-30,27,ASC,ok,106.46108433848855,-21.93562451473854,0.8008808729242635,0.24301536432688925,0.8937130210961122,
S1A_IW_GRDH_1SDV_20230411T125610_20230411T125635_048049_05C6A2_7018,2023-04-11,27,ASC,ok,107.42260838812119,-21.81318314041588,0.7945297373042944,0.256719194003036,0.8894270279188928,
S1A_IW_GRDH_1SDV_20230423T125610_20230423T125635_048224_05CC78_654B,2023-04-23,27,ASC,ok,105.51030500316098,-21.874256773103173,0.793919089546493,0.2621810602884744,0.8901932366837033,
S1A_IW_GRDH_1SDV_20230505T125611_20230505T125635_048399_05D258_E7EC,2023-05-05,27,ASC,ok,102.21098071331373,-21.811654469447415,0.7918779818249867,0.2581068739053417,0.8900963126800978,
S1A_IW_GRDH_1SDV_20230517T125611_20230517T125636_048574_05D7AA_C33B,2023-05-17,27,ASC,ok,103.61370443118443,-21.688573802342667,0.7768768490614723,0.2794508707127072,0.8802910135171006,
S1A_IW_GRDH_1SDV_20230529T125612_20230529T125637_048749_05DCDD_A5B2,2023-05-29,27,ASC,ok,99.6405901129502,-21.313490146680156,0.7786497194202219,0.2793630572822695,0.8830497704218422,
S1A_IW_GRDH_1SDV_20230610T125612_20230610T125637_048924_05E228_5EC2,2023-06-10,27,ASC,ok,101.42553822538052,-21.68923719006913,0.8038280271152269,0.22068855008570956,0.8978468383273046,
S1A_IW_GRDH_1SDV_20230622T125613_20230622T125638_049099_05E777_8085,2023-06-22,27,ASC,ok,101.91768111348574,-21.812170829784662,0.8231486515360903,0.17525839134209992,0.9093224944534333,
S1A_IW_GRDH_1SDV_20230704T125614_20230704T125639_049274_05ECD4_0A41,2023-07-04,27,ASC,ok,110.79151313274902,-21.623202680427497,0.8504795117276057,0.175733102856655,0.9209673722892331,
S1A_IW_GRDH_1SDV_20230716T125615_20230716T125640_049449_05F23F_312B,2023-07-16,27,ASC,ok,132.97118091420433,-21.12619342185754,0.8802569747410359,0.17491543311146196,0.9316319971802349,
S1A_IW_GRDH_1SDV_20230728T125615_20230728T125640_049624_05F79E_569F,2023-07-28,27,ASC,ok,143.0966477768788,-21.31571637976789,0.887201049466082,0.17655778394978727,0.9343666900714582,
S1A_IW_GRDH_1SDV_20230809T125615_20230809T125640_049799_05FD28_B11A,2023-08-09,27,ASC,ok,143.61147996507606,-22.37758211765898,0.861525497940755,0.17723642172523962,0.9263088849582827,
S1A_IW_GRDH_1SDV_20230821T125616_20230821T125641_049974_060323_4477,2023-08-21,27,ASC,ok,145.18658990381107,-22.37707461948184,0.8604830419469157,0.16966179210455185,0.9263307290704872,
S1A_IW_GRDH_1SDV_20230902T125617_20230902T125642_050149_060927_7FA6,2023-09-02,27,ASC,ok,145.56689979524086,-22.372909158988353,0.8609030719380405,0.19296822129233643,0.926129433899758,
S1A_IW_GRDH_1SDV_20230914T125618_20230914T125643_050324_060F12_25DF,2023-09-14,27,ASC,ok,145.75998245580683,-22.373095943570913,0.8624966638473955,0.1874409963385118,0.9266257148401233,
S1A_IW_GRDH_1SDV_20230926T125618_20230926T125643_050499_061511_A2E6,2023-09-26,27,ASC,ok,145.9379597769772,-22.376113393465424,0.8622162913695592,0.19009080323329836,0.9268830483778233,
S1A_IW_GRDH_1SDV_20231008T125618_20231008T125643_050674_061B12_78A9,2023-10-08,27,ASC,ok,143.97631724200426,-22.62858992149435,0.8581369158018939,0.1808520166878615,0.9252775069408335,
S1A_IW_GRDH_1SDV_20231020T125618_20231020T125643_050849_062107_8301,2023-10-20,27,ASC,ok,142.83697963758175,-22.62372025969485,0.8575219966977735,0.19815917704385488,0.9235577329453619,
S1A_IW_GRDH_1SDV_20231101T125618_20231101T125643_051024_06270A_EA45,2023-11-01,27,ASC,ok,140.07081243002483,-23.123880550786335,0.850561455293977,0.20847758514620737,0.9195371181858438,
S1A_IW_GRDH_1SDV_20231113T125618_20231113T125643_051199_062D0F_ECCC,2023-11-13,27,ASC,ok,138.88569874521454,-23.12589086302177,0.8488525749668531,0.21934235448986178,0.9182953607024822,
S1A_IW_GRDH_1SDV_20231125T125617_20231125T125642_051374_063317_7A66,2023-11-25,27,ASC,ok,135.65939108913398,-23.380516718571393,0.8435169455327884,0.22881363121372247,0.914896012079272,
S1A_IW_GRDH_1SDV_20231207T125617_20231207T125642_051549_063918_7F9E,2023-12-07,27,ASC,ok,133.1994858019215,-23.375925181574946,0.8429985296766115,0.22560317876547406,0.9138031612631481,
S1A_IW_GRDH_1SDV_20231219T125616_20231219T125641_051724_063F3C_A86B,2023-12-19,27,ASC,ok,130.3685412622245,-23.379257300580264,0.8382356439792158,0.24072929875188995,0.9110944403786881,
S1A_IW_GRDH_1SDV_20231231T125615_20231231T125640_051899_06453F_F3E3,2023-12-31,27,ASC,ok,126.4214826794838,-23.120136146018808,0.8291985462688971,0.25774245625892717,0.9056580854706372,
S1A_IW_GRDH_1SDV_20240112T125615_20240112T125640_052074_064B35_6DC2,2024-01-12,27,ASC,ok,123.14398422264932,-23.627360147912984,0.8262322148258846,0.27760341127925287,0.9041810556048911,
S1A_IW_GRDH_1SDV_20240124T125614_20240124T125639_052249_065114_D8A2,2024-01-24,27,ASC,ok,119.04674839244588,-23.61725423228512,0.8182846740339649,0.2909364454402141,0.8993633964215865,
S1A_IW_GRDH_1SDV_20240205T125614_20240205T125639_052424_06570A_F348,2024-02-05,27,ASC,ok,115.90585399520263,-22.87278929777558,0.8243103992931822,0.27134024613419955,0.9034503355223119,
S1A_IW_GRDH_1SDV_20240217T125614_20240217T125639_052599_065CEE_30D2,2024-02-17,27,ASC,ok,113.3376401399465,-23.127548763529198,0.8128217963439155,0.30440715190026685,0.8969328777517842,
S1A_IW_GRDH_1SDV_20240229T125614_20240229T125639_052774_0662E9_0745,2024-02-29,27,ASC,ok,111.28079912480047,-23.12224837540304,0.7999844704211597,0.3530303691199245,0.8897934753379211,
S1A_IW_GRDH_1SDV_20240312T125614_20240312T125639_052949_0668DE_7FDE,2024-03-12,27,ASC,ok,109.55078992638413,-22.87415108365927,0.7966402706911605,0.34273412033094275,0.8881040733936524,
S1A_IW_GRDH_1SDV_20240324T125614_20240324T125639_053124_066F69_3110,2024-03-24,27,ASC,ok,104.72588957996108,-23.12442815303011,0.7774340301806835,0.39521989885162206,0.877433227663265,
S1A_IW_GRDH_1SDV_20240405T125615_20240405T125640_053299_067618_8D4B,2024-04-05,27,ASC,ok,104.7367683368102,-22.87468632276077,0.7754202472197128,0.39000669482637595,0.8760631064813007,
S1A_IW_GRDH_1SDV_20240417T125615_20240417T125640_053474_067D06_911E,2024-04-17,27,ASC,ok,101.78297254820313,-23.376207797903884,0.7673933840471723,0.40477068260459276,0.8717429441780763,
S1A_IW_GRDH_1SDV_20240429T125615_20240429T125640_053649_0683E9_3D6A,2024-04-29,27,ASC,ok,94.5145963802338,-23.37650749202268,0.7710754022297595,0.34580175105491584,0.8781103308336711,
S1A_IW_GRDH_1SDV_20240511T125615_20240511T125640_053824_068A89_A3D5,2024-05-11,27,ASC,ok,100.43679918864314,-23.37222837838447,0.7489628473700328,0.4332947991605282,0.8609037605744343,
S1A_IW_GRDH_1SDV_20240523T125615_20240523T125640_053999_06908E_F26E,2024-05-23,27,ASC,ok,105.7582645032852,-23.375238348756007,0.7614345938429035,0.4403371861112437,0.8668670886335398,
S1A_IW_GRDH_1SDV_20240604T125615_20240604T125640_054174_06969B_8D80,2024-06-04,27,ASC,ok,113.1241185212316,-23.373824098555165,0.7733312731276143,0.4884690592643085,0.8724956808986177,
S1A_IW_GRDH_1SDV_20240616T125614_20240616T125639_054349_069CA9_65A6,2024-06-16,27,ASC,ok,113.83401243167233,-23.371560801820095,0.7780248269518059,0.48200128179797075,0.8752356562031901,
S1A_IW_GRDH_1SDV_20240710T125613_20240710T125638_054699_06A8D5_F4A1,2024-07-10,27,ASC,ok,106.76821728492143,-23.130144401303554,0.8249825851720565,0.21247772696519673,0.9056617519810375,
S1A_IW_GRDH_1SDV_20240722T125613_20240722T125638_054874_06AEE3_DBB6,2024-07-22,27,ASC,ok,108.51529562118144,-23.12417796300571,0.8282993369742058,0.21233195994778664,0.9072126155311818,
S1A_IW_GRDH_1SDV_20240803T125613_20240803T125638_055049_06B4EE_13A9,2024-08-03,27,ASC,ok,111.61617136962346,-22.126716102854544,0.8545814274000919,0.15468905518812973,0.9220371825987596,
S1A_IW_GRDH_1SDV_20240815T125613_20240815T125638_055224_06BB4D_97D6,2024-08-15,27,ASC,ok,121.8659489641201,-22.622768493507333,0.853578590481329,0.18052198114629237,0.9201852667901264,
S1A_IW_GRDH_1SDV_20240827T125613_20240827T125638_055399_06C1CC_E0C3,2024-08-27,27,ASC,ok,128.82966766602894,-22.372571850572065,0.8577309143551939,0.17654295156683666,0.9226249966442969,
S1A_IW_GRDH_1SDV_20240908T125613_20240908T125638_055574_06C878_D2B4,2024-09-08,27,ASC,ok,133.30384502796844,-22.379007876323566,0.8573781189077773,0.1935100708251002,0.9224795364201608,
S1A_IW_GRDH_1SDV_20240920T125614_20240920T125639_055749_06CF5F_4738,2024-09-20,27,ASC,ok,135.300404651511,-22.628742789434973,0.8586534884898079,0.19961894864466956,0.9238689090855075,
S1A_IW_GRDH_1SDV_20241002T125614_20241002T125639_055924_06D64E_8AE4,2024-10-02,27,ASC,ok,134.87849971753786,-22.623295288522034,0.8570860260713526,0.19134139956707427,0.9231782646707514,
S1A_IW_GRDH_1SDV_20241014T125614_20241014T125639_056099_06DD30_850C,2024-10-14,27,ASC,ok,130.9485487631594,-23.128971411673444,0.8548134718111914,0.19599810666896317,0.9213090710944766,
S1A_IW_GRDH_1SDV_20241026T125614_20241026T125639_056274_06E424_2284,2024-10-26,27,ASC,ok,129.37325529840714,-23.369340220863673,0.8466958550544988,0.2119712433245779,0.9167911697540785,
S1A_IW_GRDH_1SDV_20241107T125614_20241107T125639_056449_06EB11_2CF7,2024-11-07,27,ASC,ok,126.57643116656621,-23.87848566331881,0.8413718305273795,0.21929836103235645,0.9131827425087288,
S1A_IW_GRDH_1SDV_20241119T125613_20241119T125638_056624_06F215_3971,2024-11-19,27,ASC,ok,125.86926909712392,-23.871768536063648,0.8356734087733558,0.2366407160092542,0.9095474183687557,
S1A_IW_GRDH_1SDV_20241213T125612_20241213T125637_056974_06FFE6_6B28,2024-12-13,27,ASC,ok,119.2136556743595,-24.123138278274254,0.8195476401248407,0.26777047288107547,0.9003046257016782,
S1A_IW_GRDH_1SDV_20241225T125610_20241225T125635_057149_0706ED_7E84,2024-12-25,27,ASC,ok,113.68252797903759,-23.871516520774062,0.818068033983531,0.26311948920644573,0.9000262715655395,
S1A_IW_GRDH_1SDV_20250106T125609_20250106T125634_057324_070DCA_54AE,2025-01-06,27,ASC,ok,111.10962083183611,-23.627386400286287,0.825098914589567,0.23259864851852827,0.9047287679864275,
S1A_IW_GRDH_1SDV_20250118T125608_20250118T125633_057499_0714B9_D61E,2025-01-18,27,ASC,ok,109.3934851791813,-23.62100423770416,0.8221169774314833,0.23818479922798216,0.9033643119986369,
S1A_IW_GRDH_1SDV_20250130T125608_20250130T125633_057674_071BA5_4DA3,2025-01-30,27,ASC,ok,107.07898474906497,-23.872932464322613,0.8137683683430244,0.24135208957927654,0.8990413145605046,
S1A_IW_GRDH_1SDV_20250211T125607_20250211T125632_057849_0722A5_2472,2025-02-11,27,ASC,ok,104.7658875285454,-23.623718565561813,0.8042024124748945,0.27903257598579745,0.8940686471981348,
S1A_IW_GRDH_1SDV_20250223T125607_20250223T125632_058024_0729C2_4197,2025-02-23,27,ASC,ok,99.28992808472441,-23.62663583089709,0.7996463338425112,0.26926140800191095,0.8928042761447428,
S1A_IW_GRDH_1SDV_20250307T125607_20250307T125632_058199_0730ED_39EE,2025-03-07,27,ASC,ok,97.55028900583666,-23.372564920745948,0.7976562490060654,0.27694081812758153,0.8923280997048957,
S1A_IW_GRDH_1SDV_20250319T125607_20250319T125632_058374_0737D0_7FC6,2025-03-19,27,ASC,ok,91.46386098429193,-23.625517879602995,0.7799874060293728,0.3227345711629126,0.8847969076312631,
S1A_IW_GRDH_1SDV_20250331T125608_20250331T125633_058549_073ED5_F1F6,2025-03-31,27,ASC,ok,88.57482649140739,-23.374832911952602,0.7631220620491945,0.36268662493004666,0.8763386313827912,
S1A_IW_GRDH_1SDV_20250412T125607_20250412T125632_058724_0745FF_33C7,2025-04-12,27,ASC,ok,89.22757588075102,-23.3740758050387,0.7640689675415867,0.3928856771643296,0.8752583313748642,
S1A_IW_GRDH_1SDV_20250424T125608_20250424T125633_058899_074D29_60DA,2025-04-24,27,ASC,ok,89.8120646380001,-23.618739045995227,0.7645998994744415,0.39868071952457546,0.8753560871726267,
S1A_IW_GRDH_1SDV_20250506T125608_20250506T125633_059074_075420_41ED,2025-05-06,27,ASC,ok,89.85455895082585,-23.119640603992444,0.760977896494695,0.4791007619927264,0.8720440785020602,
S1A_IW_GRDH_1SDV_20250518T125607_20250518T125632_059249_075A3B_2971,2025-05-18,27,ASC,ok,90.29882741942195,-23.62446106357725,0.7743238831481252,0.33903897762774143,0.881488699661759,
S1A_IW_GRDH_1SDV_20250530T125607_20250530T125632_059424_076051_6E63,2025-05-30,27,ASC,ok,90.04450516148037,-23.869978078777816,0.7918275424728112,0.29570294866517727,0.8917415830393413,
S1A_IW_GRDH_1SDV_20250611T125606_20250611T125631_059599_076647_89C9,2025-06-11,27,ASC,ok,88.50894271658294,-23.62357289675119,0.787292580828954,0.320135642631839,0.8893043609408849,
S1A_IW_GRDH_1SDV_20250623T125606_20250623T125631_059774_076C55_7F53,2025-06-23,27,ASC,ok,87.75692036915699,-23.12044796490268,0.8197597258362319,0.2099775870939509,0.9090014414129467,
S1A_IW_GRDH_1SDV_20250705T125605_20250705T125630_059949_07726A_4710,2025-07-05,27,ASC,ok,97.70055768536089,-22.62856443543353,0.8423420523569757,0.15530557574879444,0.9182324971410025,
S1A_IW_GRDH_1SDV_20250717T125604_20250717T125629_060124_07786D_F1BE,2025-07-17,27,ASC,ok,104.40190679305424,-22.873670760448434,0.8454209186730086,0.15869541987738028,0.9178727769000956,
S1A_IW_GRDH_1SDV_20250729T125604_20250729T125629_060299_077E6E_F9EE,2025-07-29,27,ASC,ok,116.85384146669512,-22.377123187056114,0.8519828945767973,0.17805615922601786,0.9198217911720632,
S1A_IW_GRDH_1SDV_20250810T125604_20250810T125629_060474_0784D2_D785,2025-08-10,27,ASC,ok,132.9041391091808,-22.621161039374392,0.8567652302087041,0.17935985803412205,0.9227581744462023,
S1A_IW_GRDH_1SDV_20250822T125604_20250822T125629_060649_078BB6_04FD,2025-08-22,27,ASC,ok,142.95997570528445,-22.37376352384638,0.8585098152014636,0.19624781562964752,0.9246130540587921,
S1A_IW_GRDH_1SDV_20250903T125604_20250903T125629_060824_07929E_EB17,2025-09-03,27,ASC,ok,146.83193009749166,-22.123040763759416,0.8599891826960058,0.19556247524447903,0.9250560104624644,
S1A_IW_GRDH_1SDV_20250915T125604_20250915T125629_060999_0799A3_3D62,2025-09-15,27,ASC,ok,146.31391718202943,-22.125044670184735,0.8590494421717483,0.20255925182145385,0.9252431468537121,
S1A_IW_GRDH_1SDV_20250927T125605_20250927T125630_061174_07A0A8_5B67,2025-09-27,27,ASC,ok,145.50540152151984,-22.372740313801607,0.8595941351122628,0.19285093690965485,0.9257501560158123,
S1A_IW_GRDH_1SDV_20251009T125605_20251009T125630_061349_07A7B7_F8A3,2025-10-09,27,ASC,ok,145.21165864991036,-21.882999766328098,0.8618039945636298,0.20116539456733395,0.925430783383581,
S1A_IW_GRDH_1SDV_20251021T125605_20251021T125630_061524_07AEBF_1935,2025-10-21,27,ASC,ok,145.1311674778721,-22.625712863069655,0.8583001532611824,0.19422422926567087,0.9250073356283073,
S1A_IW_GRDH_1SDV_20251102T125605_20251102T125630_061699_07B5B8_6228,2025-11-02,27,ASC,ok,144.7370963126216,-22.874980754348037,0.8554827610163014,0.20580068725831696,0.9223927962945313,
S1A_IW_GRDH_1SDV_20251114T125604_20251114T125629_061874_07BC7A_D4F2,2025-11-14,27,ASC,ok,144.95884313944754,-23.37902791531656,0.8486179347181213,0.20768541809120766,0.9195503627959095,
S1C_IW_GRDH_1SDV_20250804T125504_20250804T125539_003523_007101_9DB1,2025-08-04,27,ASC,ok,125.7412880844921,-22.121651331823234,0.8724298909533504,0.15844489838543396,0.9303225439206919,
S1A_IW_GRDH_1SDV_20251126T125603_20251126T125628_062049_07C351_57AE,2025-11-26,27,ASC,ok,143.09456664896493,-23.380521657991086,0.8485168514874459,0.20531741894548108,0.918746410522471,
S1A_IW_GRDH_1SDV_20251208T125602_20251208T125627_062224_07CA2D_02F8,2025-12-08,27,ASC,ok,139.78570221294459,-23.625614804671258,0.8438160248798374,0.19898084685243664,0.9168708861695478,
S1A_IW_GRDH_1SDV_20251220T125601_20251220T125626_062399_07D0F5_ED20,2025-12-20,27,ASC,ok,137.05227758283132,-23.62416964805902,0.8476424453933696,0.20033019918898437,0.917148700817916,
S1A_IW_GRDH_1SDV_20260101T125559_20260101T125624_062574_07D7B8_CB8A,2026-01-01,27,ASC,ok,133.8887981920269,-23.371776135194995,0.8507947039478497,0.1943431900542301,0.9189769736184191,
S1A_IW_GRDH_1SDV_20260113T125558_20260113T125623_062749_07DE74_504E,2026-01-13,27,ASC,ok,131.1865852928621,-23.87487659089571,0.8393152618406267,0.22064319665397225,0.9125083868281475,
S1A_IW_GRDH_1SDV_20260125T125557_20260125T125622_062924_07E4C2_C659,2026-01-25,27,ASC,ok,129.09527791979298,-22.88023006221198,0.8457355569243773,0.21343534530080263,0.9158676541377664,
S1A_IW_GRDH_1SDV_20260206T125557_20260206T125622_063099_07EB62_6AFE,2026-02-06,27,ASC,ok,126.77976666444715,-22.87813483844816,0.8444560532299991,0.23086178484775716,0.9148189839091625,
S1A_IW_GRDH_1SDV_20260218T125556_20260218T125621_063274_07F1ED_9E7F,2026-02-18,27,ASC,ok,122.47806174256586,-23.12309340068808,0.8363908069791511,0.22836481154440533,0.910433034359092,
S1A_IW_GRDH_1SDV_20260302T125556_20260302T125621_063449_07F89A_0801,2026-03-02,27,ASC,ok,117.89746161458525,-23.376371536391535,0.8240142027127083,0.2736210899427621,0.9029444636411758,
S1A_IW_GRDH_1SDV_20260314T125556_20260314T125621_063624_07FF41_A9F5,2026-03-14,27,ASC,ok,113.48269131364277,-23.126819487516403,0.8116068350617676,0.29300999388370774,0.8963436483132244,
S1A_IW_GRDH_1SDV_20260326T125556_20260326T125621_063799_0805CA_1B28,2026-03-26,27,ASC,ok,111.47219140387588,-22.63121793885255,0.8167551017396407,0.2760088056541569,0.8998247691829433,
S1A_IW_GRDH_1SDV_20260407T125556_20260407T125621_063974_080C4A_E8A7,2026-04-07,27,ASC,ok,107.30988260013689,-22.623896724854575,0.8307921612798003,0.2107989253228337,0.909055086538137,
S1A_IW_GRDH_1SDV_20260419T125556_20260419T125621_064149_0812DA_26E0,2026-04-19,27,ASC,ok,108.51408769998815,-23.375017849888682,0.8058411300158779,0.2929650381856654,0.8937326089372905,
